date,zone,ndvi,n_valid_pixels,source
2013-01-01,santa_cruz_soy_belt,,0,missing
2013-02-01,santa_cruz_soy_belt,,0,missing
2013-03-01,santa_cruz_soy_belt,0.5881242837210813,10749,LANDSAT/LC08/C02/T1_L2
2013-04-01,santa_cruz_soy_belt,0.6089841396804409,94477,LANDSAT/LC08/C02/T1_L2
2013-05-01,santa_cruz_soy_belt,0.6753398969145312,20646,LANDSAT/LC08/C02/T1_L2
2013-06-01,santa_cruz_soy_belt,0.6634645509829405,19838,LANDSAT/LC08/C02/T1_L2
2013-07-01,santa_cruz_soy_belt,0.6858842084979334,85462,LANDSAT/LC08/C02/T1_L2
2013-08-01,santa_cruz_soy_belt,0.49431075133174707,92906,LANDSAT/LC08/C02/T1_L2
2013-09-01,santa_cruz_soy_belt,0.5086360929918288,55954,LANDSAT/LC08/C02/T1_L2
2013-10-01,santa_cruz_soy_belt,0.5226733745549377,35245,LANDSAT/LC08/C02/T1_L2
2013-11-01,santa_cruz_soy_belt,0.5200477204775736,91080,LANDSAT/LC08/C02/T1_L2
2013-12-01,santa_cruz_soy_belt,0.5295441093935127,76399,LANDSAT/LC08/C02/T1_L2
2014-01-01,santa_cruz_soy_belt,0.6823399125692454,26502,LANDSAT/LC08/C02/T1_L2
2014-02-01,santa_cruz_soy_belt,0.7385178058154849,41520,LANDSAT/LC08/C02/T1_L2
2014-03-01,santa_cruz_soy_belt,0.7630891134515013,60648,LANDSAT/LC08/C02/T1_L2
2014-04-01,santa_cruz_soy_belt,0.5905626826558905,89195,LANDSAT/LC08/C02/T1_L2
2014-05-01,santa_cruz_soy_belt,0.6265968935151065,70268,LANDSAT/LC08/C02/T1_L2
2014-06-01,santa_cruz_soy_belt,0.7095772264810091,64069,LANDSAT/LC08/C02/T1_L2
2014-07-01,santa_cruz_soy_belt,0.6618414913603505,91439,LANDSAT/LC08/C02/T1_L2
2014-08-01,santa_cruz_soy_belt,0.5913726501816718,92719,LANDSAT/LC08/C02/T1_L2
2014-09-01,santa_cruz_soy_belt,0.5224396430077145,94781,LANDSAT/LC08/C02/T1_L2
2014-10-01,santa_cruz_soy_belt,0.511550701866868,95102,LANDSAT/LC08/C02/T1_L2
2014-11-01,santa_cruz_soy_belt,0.49123452265461276,38774,LANDSAT/LC08/C02/T1_L2
2014-12-01,santa_cruz_soy_belt,0.47353015213024563,56345,LANDSAT/LC08/C02/T1_L2
2015-01-01,santa_cruz_soy_belt,0.6380829003296744,78189,LANDSAT/LC08/C02/T1_L2
2015-02-01,santa_cruz_soy_belt,0.7334777852963434,62456,LANDSAT/LC08/C02/T1_L2
2015-03-01,santa_cruz_soy_belt,0.6924044460730855,39631,LANDSAT/LC08/C02/T1_L2
2015-04-01,santa_cruz_soy_belt,0.5578632368422783,28900,LANDSAT/LC08/C02/T1_L2
2015-05-01,santa_cruz_soy_belt,0.593980259465919,43748,LANDSAT/LC08/C02/T1_L2
2015-06-01,santa_cruz_soy_belt,0.6688020477944898,62094,LANDSAT/LC08/C02/T1_L2
2015-07-01,santa_cruz_soy_belt,0.6538124467811621,77241,LANDSAT/LC08/C02/T1_L2
2015-08-01,santa_cruz_soy_belt,0.6360819217141817,85249,LANDSAT/LC08/C02/T1_L2
2015-09-01,santa_cruz_soy_belt,0.5452974724729408,66377,LANDSAT/LC08/C02/T1_L2
2015-10-01,santa_cruz_soy_belt,0.5299168659206033,73876,LANDSAT/LC08/C02/T1_L2
2015-11-01,santa_cruz_soy_belt,0.5162592364437527,61414,LANDSAT/LC08/C02/T1_L2
2015-12-01,santa_cruz_soy_belt,0.4876039601899896,57785,LANDSAT/LC08/C02/T1_L2
2016-01-01,santa_cruz_soy_belt,0.5979355015400896,44511,LANDSAT/LC08/C02/T1_L2
2016-02-01,santa_cruz_soy_belt,0.7255820680388726,47574,LANDSAT/LC08/C02/T1_L2
2016-03-01,santa_cruz_soy_belt,0.6763535235773935,63720,LANDSAT/LC08/C02/T1_L2
2016-04-01,santa_cruz_soy_belt,0.5620053621167141,71729,LANDSAT/LC08/C02/T1_L2
2016-05-01,santa_cruz_soy_belt,0.495138752622164,69086,LANDSAT/LC08/C02/T1_L2
2016-06-01,santa_cruz_soy_belt,0.4974792250006972,42151,LANDSAT/LC08/C02/T1_L2
2016-07-01,santa_cruz_soy_belt,0.4607614670722726,95265,LANDSAT/LC08/C02/T1_L2
2016-08-01,santa_cruz_soy_belt,0.4053031166921372,94243,LANDSAT/LC08/C02/T1_L2
2016-09-01,santa_cruz_soy_belt,0.4146796367508396,95507,LANDSAT/LC08/C02/T1_L2
2016-10-01,santa_cruz_soy_belt,0.5346031398291585,64545,LANDSAT/LC08/C02/T1_L2
2016-11-01,santa_cruz_soy_belt,0.4864231834900098,36087,LANDSAT/LC08/C02/T1_L2
2016-12-01,santa_cruz_soy_belt,0.5838656388397895,11368,LANDSAT/LC08/C02/T1_L2
2017-01-01,santa_cruz_soy_belt,0.6476190960384578,78055,LANDSAT/LC08/C02/T1_L2
2017-02-01,santa_cruz_soy_belt,0.7046457969411608,83081,LANDSAT/LC08/C02/T1_L2
2017-03-01,santa_cruz_soy_belt,,0,missing
2017-04-01,santa_cruz_soy_belt,0.8250332191130438,91,COPERNICUS/S2_SR_HARMONIZED
2017-05-01,santa_cruz_soy_belt,,0,missing
2017-06-01,santa_cruz_soy_belt,0.5501589438973422,116524,COPERNICUS/S2_SR_HARMONIZED
2017-07-01,santa_cruz_soy_belt,0.5419155355619459,329892,COPERNICUS/S2_SR_HARMONIZED
2017-08-01,santa_cruz_soy_belt,0.48274769937706874,368515,COPERNICUS/S2_SR_HARMONIZED
2017-09-01,santa_cruz_soy_belt,0.4441350925809903,229539,COPERNICUS/S2_SR_HARMONIZED
2017-10-01,santa_cruz_soy_belt,0.495946174318864,7954,COPERNICUS/S2_SR_HARMONIZED
2017-11-01,santa_cruz_soy_belt,,0,missing
2017-12-01,santa_cruz_soy_belt,0.5566363905869904,96160,COPERNICUS/S2_SR_HARMONIZED
2018-01-01,santa_cruz_soy_belt,,0,missing
2018-02-01,santa_cruz_soy_belt,0.6795128399084389,95599,COPERNICUS/S2_SR_HARMONIZED
2018-03-01,santa_cruz_soy_belt,0.5470053292627405,203,COPERNICUS/S2_SR_HARMONIZED
2018-04-01,santa_cruz_soy_belt,0.4690055105063195,144023,COPERNICUS/S2_SR_HARMONIZED
2018-05-01,santa_cruz_soy_belt,0.53714089483799,267426,COPERNICUS/S2_SR_HARMONIZED
2018-06-01,santa_cruz_soy_belt,0.5139294932314702,114602,COPERNICUS/S2_SR_HARMONIZED
2018-07-01,santa_cruz_soy_belt,0.42869363537312033,28487,COPERNICUS/S2_SR_HARMONIZED
2018-08-01,santa_cruz_soy_belt,0.4063915573138053,134520,COPERNICUS/S2_SR_HARMONIZED
2018-09-01,santa_cruz_soy_belt,0.3725793124113883,316072,COPERNICUS/S2_SR_HARMONIZED
2018-10-01,santa_cruz_soy_belt,0.713208833071406,7,COPERNICUS/S2_SR_HARMONIZED
2018-11-01,santa_cruz_soy_belt,,0,missing
2018-12-01,santa_cruz_soy_belt,0.4597773579750177,176026,COPERNICUS/S2_SR_HARMONIZED
2019-01-01,santa_cruz_soy_belt,0.6159254645452996,362378,COPERNICUS/S2_SR_HARMONIZED
2019-02-01,santa_cruz_soy_belt,0.5802822484878297,361338,COPERNICUS/S2_SR_HARMONIZED
2019-03-01,santa_cruz_soy_belt,0.4802161307207373,357690,COPERNICUS/S2_SR_HARMONIZED
2019-04-01,santa_cruz_soy_belt,0.47380645414116684,368651,COPERNICUS/S2_SR_HARMONIZED
2019-05-01,santa_cruz_soy_belt,0.5424848039434821,368517,COPERNICUS/S2_SR_HARMONIZED
2019-06-01,santa_cruz_soy_belt,0.5449438868362988,369466,COPERNICUS/S2_SR_HARMONIZED
2019-07-01,santa_cruz_soy_belt,0.4655260060079715,369220,COPERNICUS/S2_SR_HARMONIZED
2019-08-01,santa_cruz_soy_belt,0.33987098163816315,369466,COPERNICUS/S2_SR_HARMONIZED
2019-09-01,santa_cruz_soy_belt,0.3094140740938887,369423,COPERNICUS/S2_SR_HARMONIZED
2019-10-01,santa_cruz_soy_belt,0.33030786987038196,369409,COPERNICUS/S2_SR_HARMONIZED
2019-11-01,santa_cruz_soy_belt,0.3509953345987725,367700,COPERNICUS/S2_SR_HARMONIZED
2019-12-01,santa_cruz_soy_belt,0.48835574261679454,337319,COPERNICUS/S2_SR_HARMONIZED
2020-01-01,santa_cruz_soy_belt,0.6340310527731834,320100,COPERNICUS/S2_SR_HARMONIZED
2020-02-01,santa_cruz_soy_belt,0.6571104669750917,305376,COPERNICUS/S2_SR_HARMONIZED
2020-03-01,santa_cruz_soy_belt,0.543560257732645,369412,COPERNICUS/S2_SR_HARMONIZED
2020-04-01,santa_cruz_soy_belt,0.4598933660694168,369466,COPERNICUS/S2_SR_HARMONIZED
2020-05-01,santa_cruz_soy_belt,0.5409598852875702,369466,COPERNICUS/S2_SR_HARMONIZED
2020-06-01,santa_cruz_soy_belt,0.5474990357081272,368770,COPERNICUS/S2_SR_HARMONIZED
2020-07-01,santa_cruz_soy_belt,0.5304261393229507,369455,COPERNICUS/S2_SR_HARMONIZED
2020-08-01,santa_cruz_soy_belt,0.4055603091986732,369466,COPERNICUS/S2_SR_HARMONIZED
2020-09-01,santa_cruz_soy_belt,0.34986498149911655,369466,COPERNICUS/S2_SR_HARMONIZED
2020-10-01,santa_cruz_soy_belt,0.30709911728787037,369466,COPERNICUS/S2_SR_HARMONIZED
2020-11-01,santa_cruz_soy_belt,0.27297591763659323,369465,COPERNICUS/S2_SR_HARMONIZED
2020-12-01,santa_cruz_soy_belt,0.3533105134263442,343920,COPERNICUS/S2_SR_HARMONIZED
2021-01-01,santa_cruz_soy_belt,0.5251923155293713,341620,COPERNICUS/S2_SR_HARMONIZED
2021-02-01,santa_cruz_soy_belt,0.7122966015565636,358707,COPERNICUS/S2_SR_HARMONIZED
2021-03-01,santa_cruz_soy_belt,0.6312153264794108,342824,COPERNICUS/S2_SR_HARMONIZED
2021-04-01,santa_cruz_soy_belt,0.46910176498310047,366511,COPERNICUS/S2_SR_HARMONIZED
2021-05-01,santa_cruz_soy_belt,0.47363177039608506,367796,COPERNICUS/S2_SR_HARMONIZED
2021-06-01,santa_cruz_soy_belt,0.5120755320921997,369109,COPERNICUS/S2_SR_HARMONIZED
2021-07-01,santa_cruz_soy_belt,0.39062231040038575,369466,COPERNICUS/S2_SR_HARMONIZED
2021-08-01,santa_cruz_soy_belt,0.3214172141777052,369466,COPERNICUS/S2_SR_HARMONIZED
2021-09-01,santa_cruz_soy_belt,0.34066864195195606,369466,COPERNICUS/S2_SR_HARMONIZED
2021-10-01,santa_cruz_soy_belt,0.3071028540160976,368402,COPERNICUS/S2_SR_HARMONIZED
2021-11-01,santa_cruz_soy_belt,0.3230408567401218,362891,COPERNICUS/S2_SR_HARMONIZED
2021-12-01,santa_cruz_soy_belt,0.5484414312654539,313072,COPERNICUS/S2_SR_HARMONIZED
2022-01-01,santa_cruz_soy_belt,0.6261679728523649,365896,COPERNICUS/S2_SR_HARMONIZED
2022-02-01,santa_cruz_soy_belt,0.6114940927868565,298463,COPERNICUS/S2_SR_HARMONIZED
2022-03-01,santa_cruz_soy_belt,0.5060793744210612,366880,COPERNICUS/S2_SR_HARMONIZED
2022-04-01,santa_cruz_soy_belt,0.4546794494416016,369190,COPERNICUS/S2_SR_HARMONIZED
2022-05-01,santa_cruz_soy_belt,0.4686613844200659,369466,COPERNICUS/S2_SR_HARMONIZED
2022-06-01,santa_cruz_soy_belt,0.4151414347931454,369466,COPERNICUS/S2_SR_HARMONIZED
2022-07-01,santa_cruz_soy_belt,0.3441744634555971,369464,COPERNICUS/S2_SR_HARMONIZED
2022-08-01,santa_cruz_soy_belt,0.3775792434732523,365805,COPERNICUS/S2_SR_HARMONIZED
2022-09-01,santa_cruz_soy_belt,0.3128786672362649,351015,COPERNICUS/S2_SR_HARMONIZED
2022-10-01,santa_cruz_soy_belt,0.3506225538771547,369310,COPERNICUS/S2_SR_HARMONIZED
2022-11-01,santa_cruz_soy_belt,0.31867346201200925,369466,COPERNICUS/S2_SR_HARMONIZED
2022-12-01,santa_cruz_soy_belt,0.33629157509474844,366306,COPERNICUS/S2_SR_HARMONIZED
2023-01-01,santa_cruz_soy_belt,0.5783649986566187,346290,COPERNICUS/S2_SR_HARMONIZED
2023-02-01,santa_cruz_soy_belt,0.651203575199461,337162,COPERNICUS/S2_SR_HARMONIZED
2023-03-01,santa_cruz_soy_belt,0.5816894736105863,295539,COPERNICUS/S2_SR_HARMONIZED
2023-04-01,santa_cruz_soy_belt,0.5322675195167461,365995,COPERNICUS/S2_SR_HARMONIZED
2023-05-01,santa_cruz_soy_belt,0.5262106492488909,342617,COPERNICUS/S2_SR_HARMONIZED
2023-06-01,santa_cruz_soy_belt,0.6126240924371724,369466,COPERNICUS/S2_SR_HARMONIZED
2023-07-01,santa_cruz_soy_belt,0.5314102780550071,369453,COPERNICUS/S2_SR_HARMONIZED
2023-08-01,santa_cruz_soy_belt,0.4255908645350884,369466,COPERNICUS/S2_SR_HARMONIZED
2023-09-01,santa_cruz_soy_belt,0.40624298282708265,369410,COPERNICUS/S2_SR_HARMONIZED
2023-10-01,santa_cruz_soy_belt,0.32687173964896243,369455,COPERNICUS/S2_SR_HARMONIZED
2023-11-01,santa_cruz_soy_belt,0.2502413811919077,364752,COPERNICUS/S2_SR_HARMONIZED
2023-12-01,santa_cruz_soy_belt,0.2853889445148537,350251,COPERNICUS/S2_SR_HARMONIZED
2024-01-01,santa_cruz_soy_belt,0.476181492955261,358820,COPERNICUS/S2_SR_HARMONIZED
2024-02-01,santa_cruz_soy_belt,0.520902706168956,367307,COPERNICUS/S2_SR_HARMONIZED
2024-03-01,santa_cruz_soy_belt,0.5428421461861187,342506,COPERNICUS/S2_SR_HARMONIZED
2024-04-01,santa_cruz_soy_belt,0.42809250964176826,346821,COPERNICUS/S2_SR_HARMONIZED
2024-05-01,santa_cruz_soy_belt,0.404489326859422,352440,COPERNICUS/S2_SR_HARMONIZED
2024-06-01,santa_cruz_soy_belt,0.39902542146678477,369466,COPERNICUS/S2_SR_HARMONIZED
2024-07-01,santa_cruz_soy_belt,0.3437828391704124,369466,COPERNICUS/S2_SR_HARMONIZED
2024-08-01,santa_cruz_soy_belt,0.2810640394363904,369466,COPERNICUS/S2_SR_HARMONIZED
2024-09-01,santa_cruz_soy_belt,0.20891660535703846,368621,COPERNICUS/S2_SR_HARMONIZED
2024-10-01,santa_cruz_soy_belt,0.2690922581249339,368298,COPERNICUS/S2_SR_HARMONIZED
2024-11-01,santa_cruz_soy_belt,0.3707570041741993,247022,COPERNICUS/S2_SR_HARMONIZED
2024-12-01,santa_cruz_soy_belt,0.5201855140931537,366737,COPERNICUS/S2_SR_HARMONIZED
2025-01-01,santa_cruz_soy_belt,0.6468678908989265,280265,COPERNICUS/S2_SR_HARMONIZED
2025-02-01,santa_cruz_soy_belt,0.6610093160154927,357476,COPERNICUS/S2_SR_HARMONIZED
2025-03-01,santa_cruz_soy_belt,0.5871446764171259,251700,COPERNICUS/S2_SR_HARMONIZED
2025-04-01,santa_cruz_soy_belt,0.5001476853349303,257265,COPERNICUS/S2_SR_HARMONIZED
2025-05-01,santa_cruz_soy_belt,0.5563938215945705,366980,COPERNICUS/S2_SR_HARMONIZED
2025-06-01,santa_cruz_soy_belt,0.5003901669692589,327794,COPERNICUS/S2_SR_HARMONIZED
2025-07-01,santa_cruz_soy_belt,0.4459519973789676,369465,COPERNICUS/S2_SR_HARMONIZED
2025-08-01,santa_cruz_soy_belt,0.3588651246792306,369466,COPERNICUS/S2_SR_HARMONIZED
2025-09-01,santa_cruz_soy_belt,0.3258557976925218,369466,COPERNICUS/S2_SR_HARMONIZED
2025-10-01,santa_cruz_soy_belt,0.3653295985148154,369402,COPERNICUS/S2_SR_HARMONIZED
2025-11-01,santa_cruz_soy_belt,0.43284672112586053,305450,COPERNICUS/S2_SR_HARMONIZED
2025-12-01,santa_cruz_soy_belt,0.5375725795977996,201839,COPERNICUS/S2_SR_HARMONIZED
2026-01-01,santa_cruz_soy_belt,0.659901098828889,355132,COPERNICUS/S2_SR_HARMONIZED
2026-02-01,santa_cruz_soy_belt,0.6877475973772974,347955,COPERNICUS/S2_SR_HARMONIZED
2013-01-01,beni_cattle_rice,,0,missing
2013-02-01,beni_cattle_rice,,0,missing
2013-03-01,beni_cattle_rice,,0,missing
2013-04-01,beni_cattle_rice,0.7480173739091583,415,LANDSAT/LC08/C02/T1_L2
2013-05-01,beni_cattle_rice,0.6866847051725063,506,LANDSAT/LC08/C02/T1_L2
2013-06-01,beni_cattle_rice,0.7118470092410651,719,LANDSAT/LC08/C02/T1_L2
2013-07-01,beni_cattle_rice,0.7255199695144395,913,LANDSAT/LC08/C02/T1_L2
2013-08-01,beni_cattle_rice,0.659488997546993,892,LANDSAT/LC08/C02/T1_L2
2013-09-01,beni_cattle_rice,0.62769272343895,914,LANDSAT/LC08/C02/T1_L2
2013-10-01,beni_cattle_rice,0.6575327788009195,159,LANDSAT/LC08/C02/T1_L2
2013-11-01,beni_cattle_rice,0.6947581979392843,497,LANDSAT/LC08/C02/T1_L2
2013-12-01,beni_cattle_rice,0.7282738541922623,681,LANDSAT/LC08/C02/T1_L2
2014-01-01,beni_cattle_rice,0.7585551735080036,478,LANDSAT/LC08/C02/T1_L2
2014-02-01,beni_cattle_rice,0.7619043639695096,419,LANDSAT/LC08/C02/T1_L2
2014-03-01,beni_cattle_rice,,0,LANDSAT/LC08/C02/T1_L2
2014-04-01,beni_cattle_rice,0.6890008282548156,484,LANDSAT/LC08/C02/T1_L2
2014-05-01,beni_cattle_rice,0.707049789693591,727,LANDSAT/LC08/C02/T1_L2
2014-06-01,beni_cattle_rice,0.6934847883224876,807,LANDSAT/LC08/C02/T1_L2
2014-07-01,beni_cattle_rice,0.6836727646908692,856,LANDSAT/LC08/C02/T1_L2
2014-08-01,beni_cattle_rice,0.631686080460868,908,LANDSAT/LC08/C02/T1_L2
2014-09-01,beni_cattle_rice,0.6247540705615013,419,LANDSAT/LC08/C02/T1_L2
2014-10-01,beni_cattle_rice,0.587054737268959,912,LANDSAT/LC08/C02/T1_L2
2014-11-01,beni_cattle_rice,0.6474039160536366,820,LANDSAT/LC08/C02/T1_L2
2014-12-01,beni_cattle_rice,0.7369704551316718,818,LANDSAT/LC08/C02/T1_L2
2015-01-01,beni_cattle_rice,0.7352987809306897,784,LANDSAT/LC08/C02/T1_L2
2015-02-01,beni_cattle_rice,0.7814444403696423,296,LANDSAT/LC08/C02/T1_L2
2015-03-01,beni_cattle_rice,0.811873054725542,821,LANDSAT/LC08/C02/T1_L2
2015-04-01,beni_cattle_rice,0.6626464716618635,743,LANDSAT/LC08/C02/T1_L2
2015-05-01,beni_cattle_rice,0.5596774704223649,203,LANDSAT/LC08/C02/T1_L2
2015-06-01,beni_cattle_rice,0.7027142049793876,808,LANDSAT/LC08/C02/T1_L2
2015-07-01,beni_cattle_rice,0.6529181035381557,452,LANDSAT/LC08/C02/T1_L2
2015-08-01,beni_cattle_rice,0.6421952020767372,913,LANDSAT/LC08/C02/T1_L2
2015-09-01,beni_cattle_rice,0.6045407597609889,840,LANDSAT/LC08/C02/T1_L2
2015-10-01,beni_cattle_rice,0.5718006282325141,907,LANDSAT/LC08/C02/T1_L2
2015-11-01,beni_cattle_rice,0.6014453731859293,828,LANDSAT/LC08/C02/T1_L2
2015-12-01,beni_cattle_rice,0.7224764334390293,544,LANDSAT/LC08/C02/T1_L2
2016-01-01,beni_cattle_rice,0.7873614279378641,878,LANDSAT/LC08/C02/T1_L2
2016-02-01,beni_cattle_rice,0.8204649659154701,811,LANDSAT/LC08/C02/T1_L2
2016-03-01,beni_cattle_rice,0.8176148010336808,829,LANDSAT/LC08/C02/T1_L2
2016-04-01,beni_cattle_rice,0.732540772961606,899,LANDSAT/LC08/C02/T1_L2
2016-05-01,beni_cattle_rice,0.6878292596593493,681,LANDSAT/LC08/C02/T1_L2
2016-06-01,beni_cattle_rice,0.6483715241447706,903,LANDSAT/LC08/C02/T1_L2
2016-07-01,beni_cattle_rice,0.6009757030707358,914,LANDSAT/LC08/C02/T1_L2
2016-08-01,beni_cattle_rice,0.5357347914364364,914,LANDSAT/LC08/C02/T1_L2
2016-09-01,beni_cattle_rice,0.525407235740633,914,LANDSAT/LC08/C02/T1_L2
2016-10-01,beni_cattle_rice,0.5725581778307587,913,LANDSAT/LC08/C02/T1_L2
2016-11-01,beni_cattle_rice,0.6123843759987019,614,LANDSAT/LC08/C02/T1_L2
2016-12-01,beni_cattle_rice,0.6950265106518797,340,LANDSAT/LC08/C02/T1_L2
2017-01-01,beni_cattle_rice,0.7787250542189166,501,LANDSAT/LC08/C02/T1_L2
2017-02-01,beni_cattle_rice,0.72897511716254,746,LANDSAT/LC08/C02/T1_L2
2017-03-01,beni_cattle_rice,0.3948167711496353,2,COPERNICUS/S2_SR_HARMONIZED
2017-04-01,beni_cattle_rice,0.08034862991836336,9,COPERNICUS/S2_SR_HARMONIZED
2017-05-01,beni_cattle_rice,0.651210830271913,3744,COPERNICUS/S2_SR_HARMONIZED
2017-06-01,beni_cattle_rice,0.6263496307035208,3929,COPERNICUS/S2_SR_HARMONIZED
2017-07-01,beni_cattle_rice,0.5274935938004469,3956,COPERNICUS/S2_SR_HARMONIZED
2017-08-01,beni_cattle_rice,0.45711316551078884,3952,COPERNICUS/S2_SR_HARMONIZED
2017-09-01,beni_cattle_rice,0.418686503582552,3931,COPERNICUS/S2_SR_HARMONIZED
2017-10-01,beni_cattle_rice,,0,missing
2017-11-01,beni_cattle_rice,,0,missing
2017-12-01,beni_cattle_rice,,0,missing
2018-01-01,beni_cattle_rice,,0,missing
2018-02-01,beni_cattle_rice,0.8552949325396464,52,COPERNICUS/S2_SR_HARMONIZED
2018-03-01,beni_cattle_rice,,0,missing
2018-04-01,beni_cattle_rice,,0,COPERNICUS/S2_SR_HARMONIZED
2018-05-01,beni_cattle_rice,0.11718632905713973,31,COPERNICUS/S2_SR_HARMONIZED
2018-06-01,beni_cattle_rice,0.526375209529075,2606,COPERNICUS/S2_SR_HARMONIZED
2018-07-01,beni_cattle_rice,0.5003949108346162,3815,COPERNICUS/S2_SR_HARMONIZED
2018-08-01,beni_cattle_rice,0.41043603858393884,3931,COPERNICUS/S2_SR_HARMONIZED
2018-09-01,beni_cattle_rice,0.43975601547039983,342,COPERNICUS/S2_SR_HARMONIZED
2018-10-01,beni_cattle_rice,,0,missing
2018-11-01,beni_cattle_rice,,0,missing
2018-12-01,beni_cattle_rice,0.4504977827570013,459,COPERNICUS/S2_SR_HARMONIZED
2019-01-01,beni_cattle_rice,0.6305364329642288,3938,COPERNICUS/S2_SR_HARMONIZED
2019-02-01,beni_cattle_rice,0.7099774974033305,3943,COPERNICUS/S2_SR_HARMONIZED
2019-03-01,beni_cattle_rice,0.47211033214956266,453,COPERNICUS/S2_SR_HARMONIZED
2019-04-01,beni_cattle_rice,0.5328420598563717,3956,COPERNICUS/S2_SR_HARMONIZED
2019-05-01,beni_cattle_rice,0.5107143027433051,3956,COPERNICUS/S2_SR_HARMONIZED
2019-06-01,beni_cattle_rice,0.4817545024394176,3956,COPERNICUS/S2_SR_HARMONIZED
2019-07-01,beni_cattle_rice,0.4651881781481764,3956,COPERNICUS/S2_SR_HARMONIZED
2019-08-01,beni_cattle_rice,0.3881277502491317,3956,COPERNICUS/S2_SR_HARMONIZED
2019-09-01,beni_cattle_rice,0.322087569937135,3956,COPERNICUS/S2_SR_HARMONIZED
2019-10-01,beni_cattle_rice,0.2845665022703561,3956,COPERNICUS/S2_SR_HARMONIZED
2019-11-01,beni_cattle_rice,0.36950501522824275,3813,COPERNICUS/S2_SR_HARMONIZED
2019-12-01,beni_cattle_rice,0.4388869249169981,131,COPERNICUS/S2_SR_HARMONIZED
2020-01-01,beni_cattle_rice,0.6856981424124231,3936,COPERNICUS/S2_SR_HARMONIZED
2020-02-01,beni_cattle_rice,0.701592584856613,3530,COPERNICUS/S2_SR_HARMONIZED
2020-03-01,beni_cattle_rice,0.5857444316586524,3956,COPERNICUS/S2_SR_HARMONIZED
2020-04-01,beni_cattle_rice,0.503540378195116,3956,COPERNICUS/S2_SR_HARMONIZED
2020-05-01,beni_cattle_rice,0.48940586440507655,3956,COPERNICUS/S2_SR_HARMONIZED
2020-06-01,beni_cattle_rice,0.4433741644591396,3955,COPERNICUS/S2_SR_HARMONIZED
2020-07-01,beni_cattle_rice,0.493209043383124,3956,COPERNICUS/S2_SR_HARMONIZED
2020-08-01,beni_cattle_rice,0.4567646250618142,3956,COPERNICUS/S2_SR_HARMONIZED
2020-09-01,beni_cattle_rice,0.2929846910845817,3956,COPERNICUS/S2_SR_HARMONIZED
2020-10-01,beni_cattle_rice,0.2619444369167238,3956,COPERNICUS/S2_SR_HARMONIZED
2020-11-01,beni_cattle_rice,0.27162949285249316,3956,COPERNICUS/S2_SR_HARMONIZED
2020-12-01,beni_cattle_rice,0.4939400903546251,3061,COPERNICUS/S2_SR_HARMONIZED
2021-01-01,beni_cattle_rice,0.6624195624197896,3934,COPERNICUS/S2_SR_HARMONIZED
2021-02-01,beni_cattle_rice,0.6600614020431058,3696,COPERNICUS/S2_SR_HARMONIZED
2021-03-01,beni_cattle_rice,0.5980849825163168,3913,COPERNICUS/S2_SR_HARMONIZED
2021-04-01,beni_cattle_rice,0.4718473503269979,3955,COPERNICUS/S2_SR_HARMONIZED
2021-05-01,beni_cattle_rice,0.44167408420467014,3956,COPERNICUS/S2_SR_HARMONIZED
2021-06-01,beni_cattle_rice,0.4381668924662383,3956,COPERNICUS/S2_SR_HARMONIZED
2021-07-01,beni_cattle_rice,0.3949629915199584,3956,COPERNICUS/S2_SR_HARMONIZED
2021-08-01,beni_cattle_rice,0.3442764813729469,3956,COPERNICUS/S2_SR_HARMONIZED
2021-09-01,beni_cattle_rice,0.32579685317792645,3956,COPERNICUS/S2_SR_HARMONIZED
2021-10-01,beni_cattle_rice,0.24857884488043736,3956,COPERNICUS/S2_SR_HARMONIZED
2021-11-01,beni_cattle_rice,0.31732535423927594,3913,COPERNICUS/S2_SR_HARMONIZED
2021-12-01,beni_cattle_rice,0.4189907103351166,1785,COPERNICUS/S2_SR_HARMONIZED
2022-01-01,beni_cattle_rice,0.6203342864216909,3651,COPERNICUS/S2_SR_HARMONIZED
2022-02-01,beni_cattle_rice,0.6570747532103618,2659,COPERNICUS/S2_SR_HARMONIZED
2022-03-01,beni_cattle_rice,0.548317870231841,3944,COPERNICUS/S2_SR_HARMONIZED
2022-04-01,beni_cattle_rice,0.4554011939281484,3956,COPERNICUS/S2_SR_HARMONIZED
2022-05-01,beni_cattle_rice,0.39847042461768695,3956,COPERNICUS/S2_SR_HARMONIZED
2022-06-01,beni_cattle_rice,0.40430455394338893,3956,COPERNICUS/S2_SR_HARMONIZED
2022-07-01,beni_cattle_rice,0.3967335921225703,3956,COPERNICUS/S2_SR_HARMONIZED
2022-08-01,beni_cattle_rice,0.36339282415527935,3956,COPERNICUS/S2_SR_HARMONIZED
2022-09-01,beni_cattle_rice,0.24043377849404743,3956,COPERNICUS/S2_SR_HARMONIZED
2022-10-01,beni_cattle_rice,0.22591364963363678,3956,COPERNICUS/S2_SR_HARMONIZED
2022-11-01,beni_cattle_rice,0.4022019505756906,3956,COPERNICUS/S2_SR_HARMONIZED
2022-12-01,beni_cattle_rice,0.538767259656299,2650,COPERNICUS/S2_SR_HARMONIZED
2023-01-01,beni_cattle_rice,0.7012422801873605,3422,COPERNICUS/S2_SR_HARMONIZED
2023-02-01,beni_cattle_rice,0.6835895719234503,2358,COPERNICUS/S2_SR_HARMONIZED
2023-03-01,beni_cattle_rice,0.5446721210703603,2705,COPERNICUS/S2_SR_HARMONIZED
2023-04-01,beni_cattle_rice,0.509570774774559,3579,COPERNICUS/S2_SR_HARMONIZED
2023-05-01,beni_cattle_rice,0.49877834953954625,3951,COPERNICUS/S2_SR_HARMONIZED
2023-06-01,beni_cattle_rice,0.5070421652432487,3956,COPERNICUS/S2_SR_HARMONIZED
2023-07-01,beni_cattle_rice,0.48366439024655555,3956,COPERNICUS/S2_SR_HARMONIZED
2023-08-01,beni_cattle_rice,0.44460749484012296,3956,COPERNICUS/S2_SR_HARMONIZED
2023-09-01,beni_cattle_rice,0.3780741853126946,3956,COPERNICUS/S2_SR_HARMONIZED
2023-10-01,beni_cattle_rice,0.3011939894476971,3956,COPERNICUS/S2_SR_HARMONIZED
2023-11-01,beni_cattle_rice,0.31626227494099884,3945,COPERNICUS/S2_SR_HARMONIZED
2023-12-01,beni_cattle_rice,0.5390026930628774,3235,COPERNICUS/S2_SR_HARMONIZED
2024-01-01,beni_cattle_rice,0.6796175589484631,2983,COPERNICUS/S2_SR_HARMONIZED
2024-02-01,beni_cattle_rice,0.7155181153953852,3943,COPERNICUS/S2_SR_HARMONIZED
2024-03-01,beni_cattle_rice,0.6009216471984827,3638,COPERNICUS/S2_SR_HARMONIZED
2024-04-01,beni_cattle_rice,0.5500421713788036,3768,COPERNICUS/S2_SR_HARMONIZED
2024-05-01,beni_cattle_rice,0.4898833806149459,2602,COPERNICUS/S2_SR_HARMONIZED
2024-06-01,beni_cattle_rice,0.4083326366211995,3956,COPERNICUS/S2_SR_HARMONIZED
2024-07-01,beni_cattle_rice,0.3657382538851956,3956,COPERNICUS/S2_SR_HARMONIZED
2024-08-01,beni_cattle_rice,0.3271097329340312,3956,COPERNICUS/S2_SR_HARMONIZED
2024-09-01,beni_cattle_rice,0.15929107741755905,3951,COPERNICUS/S2_SR_HARMONIZED
2024-10-01,beni_cattle_rice,0.23973576540456484,3946,COPERNICUS/S2_SR_HARMONIZED
2024-11-01,beni_cattle_rice,0.4468612759270539,3935,COPERNICUS/S2_SR_HARMONIZED
2024-12-01,beni_cattle_rice,0.6176387748324671,3812,COPERNICUS/S2_SR_HARMONIZED
2025-01-01,beni_cattle_rice,0.6992601828268449,3019,COPERNICUS/S2_SR_HARMONIZED
2025-02-01,beni_cattle_rice,0.6784580511990765,3007,COPERNICUS/S2_SR_HARMONIZED
2025-03-01,beni_cattle_rice,0.5680860707072535,1653,COPERNICUS/S2_SR_HARMONIZED
2025-04-01,beni_cattle_rice,0.5230005424104291,3950,COPERNICUS/S2_SR_HARMONIZED
2025-05-01,beni_cattle_rice,0.5011873173460428,3870,COPERNICUS/S2_SR_HARMONIZED
2025-06-01,beni_cattle_rice,0.47932844868649743,3956,COPERNICUS/S2_SR_HARMONIZED
2025-07-01,beni_cattle_rice,0.4312223819713497,3956,COPERNICUS/S2_SR_HARMONIZED
2025-08-01,beni_cattle_rice,0.4115470982579307,3956,COPERNICUS/S2_SR_HARMONIZED
2025-09-01,beni_cattle_rice,0.3543537093248323,3956,COPERNICUS/S2_SR_HARMONIZED
2025-10-01,beni_cattle_rice,0.29532563469610906,3956,COPERNICUS/S2_SR_HARMONIZED
2025-11-01,beni_cattle_rice,0.4469843039134706,3897,COPERNICUS/S2_SR_HARMONIZED
2025-12-01,beni_cattle_rice,0.6647822680759475,2327,COPERNICUS/S2_SR_HARMONIZED
2026-01-01,beni_cattle_rice,0.6947033894747009,3673,COPERNICUS/S2_SR_HARMONIZED
2026-02-01,beni_cattle_rice,0.645985329414988,3099,COPERNICUS/S2_SR_HARMONIZED
2013-01-01,tarija_valle_central,,0,missing
2013-02-01,tarija_valle_central,,0,missing
2013-03-01,tarija_valle_central,0.5282222076055303,49,LANDSAT/LC08/C02/T1_L2
2013-04-01,tarija_valle_central,0.41468929137921934,1394,LANDSAT/LC08/C02/T1_L2
2013-05-01,tarija_valle_central,0.22882019910712287,201,LANDSAT/LC08/C02/T1_L2
2013-06-01,tarija_valle_central,0.33868130805790103,1496,LANDSAT/LC08/C02/T1_L2
2013-07-01,tarija_valle_central,0.2886536434406567,1496,LANDSAT/LC08/C02/T1_L2
2013-08-01,tarija_valle_central,0.24323849788252058,1496,LANDSAT/LC08/C02/T1_L2
2013-09-01,tarija_valle_central,0.24492001840511615,1496,LANDSAT/LC08/C02/T1_L2
2013-10-01,tarija_valle_central,0.28493613687605557,1496,LANDSAT/LC08/C02/T1_L2
2013-11-01,tarija_valle_central,0.3306674450191171,1496,LANDSAT/LC08/C02/T1_L2
2013-12-01,tarija_valle_central,0.42591418310488705,1328,LANDSAT/LC08/C02/T1_L2
2014-01-01,tarija_valle_central,0.4828608294085181,1421,LANDSAT/LC08/C02/T1_L2
2014-02-01,tarija_valle_central,0.5783224869841295,1496,LANDSAT/LC08/C02/T1_L2
2014-03-01,tarija_valle_central,0.5410839544232061,1495,LANDSAT/LC08/C02/T1_L2
2014-04-01,tarija_valle_central,0.4779377388985039,1492,LANDSAT/LC08/C02/T1_L2
2014-05-01,tarija_valle_central,0.38771917392939986,1496,LANDSAT/LC08/C02/T1_L2
2014-06-01,tarija_valle_central,0.2938606061096525,1383,LANDSAT/LC08/C02/T1_L2
2014-07-01,tarija_valle_central,0.26549894106129146,1496,LANDSAT/LC08/C02/T1_L2
2014-08-01,tarija_valle_central,0.25055860599171537,1496,LANDSAT/LC08/C02/T1_L2
2014-09-01,tarija_valle_central,0.26211905285235054,1496,LANDSAT/LC08/C02/T1_L2
2014-10-01,tarija_valle_central,0.3371352225542188,1496,LANDSAT/LC08/C02/T1_L2
2014-11-01,tarija_valle_central,0.33037864713030285,1409,LANDSAT/LC08/C02/T1_L2
2014-12-01,tarija_valle_central,0.4334177859790801,1042,LANDSAT/LC08/C02/T1_L2
2015-01-01,tarija_valle_central,0.47392869872770893,1073,LANDSAT/LC08/C02/T1_L2
2015-02-01,tarija_valle_central,0.49844001092270995,181,LANDSAT/LC08/C02/T1_L2
2015-03-01,tarija_valle_central,0.5805958622511536,1468,LANDSAT/LC08/C02/T1_L2
2015-04-01,tarija_valle_central,0.5243970698866525,1496,LANDSAT/LC08/C02/T1_L2
2015-05-01,tarija_valle_central,0.4414395047142191,1496,LANDSAT/LC08/C02/T1_L2
2015-06-01,tarija_valle_central,0.35021146096919503,1496,LANDSAT/LC08/C02/T1_L2
2015-07-01,tarija_valle_central,0.29377878104296845,1496,LANDSAT/LC08/C02/T1_L2
2015-08-01,tarija_valle_central,0.26471717780607656,1496,LANDSAT/LC08/C02/T1_L2
2015-09-01,tarija_valle_central,0.2772755708025715,1496,LANDSAT/LC08/C02/T1_L2
2015-10-01,tarija_valle_central,0.3034697519803448,1496,LANDSAT/LC08/C02/T1_L2
2015-11-01,tarija_valle_central,0.3061443861696692,925,LANDSAT/LC08/C02/T1_L2
2015-12-01,tarija_valle_central,0.43469124722090796,668,LANDSAT/LC08/C02/T1_L2
2016-01-01,tarija_valle_central,0.4667026726469859,1405,LANDSAT/LC08/C02/T1_L2
2016-02-01,tarija_valle_central,0.48337116248659656,226,LANDSAT/LC08/C02/T1_L2
2016-03-01,tarija_valle_central,0.3454750528211621,235,LANDSAT/LC08/C02/T1_L2
2016-04-01,tarija_valle_central,0.4493461733716798,1496,LANDSAT/LC08/C02/T1_L2
2016-05-01,tarija_valle_central,0.34040765287661345,1496,LANDSAT/LC08/C02/T1_L2
2016-06-01,tarija_valle_central,0.1948629430432091,237,LANDSAT/LC08/C02/T1_L2
2016-07-01,tarija_valle_central,0.2576957910740799,1161,LANDSAT/LC08/C02/T1_L2
2016-08-01,tarija_valle_central,0.2616877763025773,1496,LANDSAT/LC08/C02/T1_L2
2016-09-01,tarija_valle_central,0.2606868243117803,1237,LANDSAT/LC08/C02/T1_L2
2016-10-01,tarija_valle_central,0.29852612041340787,1496,LANDSAT/LC08/C02/T1_L2
2016-11-01,tarija_valle_central,0.3513330282856859,1378,LANDSAT/LC08/C02/T1_L2
2016-12-01,tarija_valle_central,0.3850769683797049,1496,LANDSAT/LC08/C02/T1_L2
2017-01-01,tarija_valle_central,0.4336246183417259,1489,LANDSAT/LC08/C02/T1_L2
2017-02-01,tarija_valle_central,0.5080153042494892,1496,LANDSAT/LC08/C02/T1_L2
2017-03-01,tarija_valle_central,,0,missing
2017-04-01,tarija_valle_central,,0,missing
2017-05-01,tarija_valle_central,0.36337127239502093,1282,COPERNICUS/S2_SR_HARMONIZED
2017-06-01,tarija_valle_central,0.28789219709943153,6064,COPERNICUS/S2_SR_HARMONIZED
2017-07-01,tarija_valle_central,0.2139659432079387,2191,COPERNICUS/S2_SR_HARMONIZED
2017-08-01,tarija_valle_central,0.2075881116573832,6064,COPERNICUS/S2_SR_HARMONIZED
2017-09-01,tarija_valle_central,0.21577326097365676,6064,COPERNICUS/S2_SR_HARMONIZED
2017-10-01,tarija_valle_central,0.19882405905095527,1525,COPERNICUS/S2_SR_HARMONIZED
2017-11-01,tarija_valle_central,0.292022418964543,6064,COPERNICUS/S2_SR_HARMONIZED
2017-12-01,tarija_valle_central,,0,missing
2018-01-01,tarija_valle_central,0.28271034048835686,52,COPERNICUS/S2_SR_HARMONIZED
2018-02-01,tarija_valle_central,0.5292526687805599,5752,COPERNICUS/S2_SR_HARMONIZED
2018-03-01,tarija_valle_central,0.5043662019127815,1157,COPERNICUS/S2_SR_HARMONIZED
2018-04-01,tarija_valle_central,0.32234341726502413,59,COPERNICUS/S2_SR_HARMONIZED
2018-05-01,tarija_valle_central,,0,missing
2018-06-01,tarija_valle_central,0.2671986405923548,6064,COPERNICUS/S2_SR_HARMONIZED
2018-07-01,tarija_valle_central,0.23220114388945262,6064,COPERNICUS/S2_SR_HARMONIZED
2018-08-01,tarija_valle_central,0.2117857962998519,6064,COPERNICUS/S2_SR_HARMONIZED
2018-09-01,tarija_valle_central,0.16085921864259536,203,COPERNICUS/S2_SR_HARMONIZED
2018-10-01,tarija_valle_central,0.2646792829655055,6064,COPERNICUS/S2_SR_HARMONIZED
2018-11-01,tarija_valle_central,,0,missing
2018-12-01,tarija_valle_central,0.4617099864869568,6023,COPERNICUS/S2_SR_HARMONIZED
2019-01-01,tarija_valle_central,0.5039764717597568,6064,COPERNICUS/S2_SR_HARMONIZED
2019-02-01,tarija_valle_central,0.5268573111854056,6063,COPERNICUS/S2_SR_HARMONIZED
2019-03-01,tarija_valle_central,0.5250809868086589,6064,COPERNICUS/S2_SR_HARMONIZED
2019-04-01,tarija_valle_central,0.4919341870333264,6062,COPERNICUS/S2_SR_HARMONIZED
2019-05-01,tarija_valle_central,0.3668662899845737,6064,COPERNICUS/S2_SR_HARMONIZED
2019-06-01,tarija_valle_central,0.2592073215901189,6064,COPERNICUS/S2_SR_HARMONIZED
2019-07-01,tarija_valle_central,0.23906675431533828,6064,COPERNICUS/S2_SR_HARMONIZED
2019-08-01,tarija_valle_central,0.21448138780624887,6064,COPERNICUS/S2_SR_HARMONIZED
2019-09-01,tarija_valle_central,0.20849202195380237,6064,COPERNICUS/S2_SR_HARMONIZED
2019-10-01,tarija_valle_central,0.258124305672576,6064,COPERNICUS/S2_SR_HARMONIZED
2019-11-01,tarija_valle_central,0.29935118937709254,6064,COPERNICUS/S2_SR_HARMONIZED
2019-12-01,tarija_valle_central,0.400133660739059,6063,COPERNICUS/S2_SR_HARMONIZED
2020-01-01,tarija_valle_central,0.4650705100881748,6064,COPERNICUS/S2_SR_HARMONIZED
2020-02-01,tarija_valle_central,0.5256190253372164,6058,COPERNICUS/S2_SR_HARMONIZED
2020-03-01,tarija_valle_central,0.5534062091845037,6064,COPERNICUS/S2_SR_HARMONIZED
2020-04-01,tarija_valle_central,0.45651333674378103,6064,COPERNICUS/S2_SR_HARMONIZED
2020-05-01,tarija_valle_central,0.35435461719663314,6064,COPERNICUS/S2_SR_HARMONIZED
2020-06-01,tarija_valle_central,0.2715654849954684,6064,COPERNICUS/S2_SR_HARMONIZED
2020-07-01,tarija_valle_central,0.24764000725536758,6045,COPERNICUS/S2_SR_HARMONIZED
2020-08-01,tarija_valle_central,0.22184881740978468,6064,COPERNICUS/S2_SR_HARMONIZED
2020-09-01,tarija_valle_central,0.23117567584630036,6064,COPERNICUS/S2_SR_HARMONIZED
2020-10-01,tarija_valle_central,0.24956863143858155,6064,COPERNICUS/S2_SR_HARMONIZED
2020-11-01,tarija_valle_central,0.3182705430214837,6064,COPERNICUS/S2_SR_HARMONIZED
2020-12-01,tarija_valle_central,0.39537310642528856,6064,COPERNICUS/S2_SR_HARMONIZED
2021-01-01,tarija_valle_central,0.5013099489384925,6064,COPERNICUS/S2_SR_HARMONIZED
2021-02-01,tarija_valle_central,0.5623696198823831,6042,COPERNICUS/S2_SR_HARMONIZED
2021-03-01,tarija_valle_central,0.5739244780113563,6064,COPERNICUS/S2_SR_HARMONIZED
2021-04-01,tarija_valle_central,0.46604086189535476,6064,COPERNICUS/S2_SR_HARMONIZED
2021-05-01,tarija_valle_central,0.36592537391462365,6064,COPERNICUS/S2_SR_HARMONIZED
2021-06-01,tarija_valle_central,0.2883560409497854,6064,COPERNICUS/S2_SR_HARMONIZED
2021-07-01,tarija_valle_central,0.2231846998565137,6064,COPERNICUS/S2_SR_HARMONIZED
2021-08-01,tarija_valle_central,0.21568593033545447,6064,COPERNICUS/S2_SR_HARMONIZED
2021-09-01,tarija_valle_central,0.21996761807428253,6064,COPERNICUS/S2_SR_HARMONIZED
2021-10-01,tarija_valle_central,0.27823305634720885,6064,COPERNICUS/S2_SR_HARMONIZED
2021-11-01,tarija_valle_central,0.2803991829078297,5841,COPERNICUS/S2_SR_HARMONIZED
2021-12-01,tarija_valle_central,0.407616501437757,5919,COPERNICUS/S2_SR_HARMONIZED
2022-01-01,tarija_valle_central,0.503519160536865,6063,COPERNICUS/S2_SR_HARMONIZED
2022-02-01,tarija_valle_central,0.572408842892439,6063,COPERNICUS/S2_SR_HARMONIZED
2022-03-01,tarija_valle_central,0.5367469916709308,6047,COPERNICUS/S2_SR_HARMONIZED
2022-04-01,tarija_valle_central,0.46138241366375354,6064,COPERNICUS/S2_SR_HARMONIZED
2022-05-01,tarija_valle_central,0.3401124480001232,6064,COPERNICUS/S2_SR_HARMONIZED
2022-06-01,tarija_valle_central,0.27296264648494023,6064,COPERNICUS/S2_SR_HARMONIZED
2022-07-01,tarija_valle_central,0.230307036750057,6064,COPERNICUS/S2_SR_HARMONIZED
2022-08-01,tarija_valle_central,0.2255568766681646,6064,COPERNICUS/S2_SR_HARMONIZED
2022-09-01,tarija_valle_central,0.22267382188352788,6064,COPERNICUS/S2_SR_HARMONIZED
2022-10-01,tarija_valle_central,0.22926989218334115,6064,COPERNICUS/S2_SR_HARMONIZED
2022-11-01,tarija_valle_central,0.2587850884934087,6064,COPERNICUS/S2_SR_HARMONIZED
2022-12-01,tarija_valle_central,0.28901079984595085,6041,COPERNICUS/S2_SR_HARMONIZED
2023-01-01,tarija_valle_central,0.4441348124113795,6064,COPERNICUS/S2_SR_HARMONIZED
2023-02-01,tarija_valle_central,0.5141207886848903,5225,COPERNICUS/S2_SR_HARMONIZED
2023-03-01,tarija_valle_central,0.5863332179175884,6064,COPERNICUS/S2_SR_HARMONIZED
2023-04-01,tarija_valle_central,0.5165994284311485,6064,COPERNICUS/S2_SR_HARMONIZED
2023-05-01,tarija_valle_central,0.37708107914914923,6064,COPERNICUS/S2_SR_HARMONIZED
2023-06-01,tarija_valle_central,0.29358622183066874,6064,COPERNICUS/S2_SR_HARMONIZED
2023-07-01,tarija_valle_central,0.23872157715597025,6064,COPERNICUS/S2_SR_HARMONIZED
2023-08-01,tarija_valle_central,0.22751418039702523,6064,COPERNICUS/S2_SR_HARMONIZED
2023-09-01,tarija_valle_central,0.23109096545771265,6064,COPERNICUS/S2_SR_HARMONIZED
2023-10-01,tarija_valle_central,0.26430148610403664,6064,COPERNICUS/S2_SR_HARMONIZED
2023-11-01,tarija_valle_central,0.3238740317419894,6064,COPERNICUS/S2_SR_HARMONIZED
2023-12-01,tarija_valle_central,0.44760289779770507,6064,COPERNICUS/S2_SR_HARMONIZED
2024-01-01,tarija_valle_central,0.503667381562369,6064,COPERNICUS/S2_SR_HARMONIZED
2024-02-01,tarija_valle_central,0.5312280091185408,5904,COPERNICUS/S2_SR_HARMONIZED
2024-03-01,tarija_valle_central,0.506944251926228,6061,COPERNICUS/S2_SR_HARMONIZED
2024-04-01,tarija_valle_central,0.45357450774647734,6064,COPERNICUS/S2_SR_HARMONIZED
2024-05-01,tarija_valle_central,0.37548556587451815,6064,COPERNICUS/S2_SR_HARMONIZED
2024-06-01,tarija_valle_central,0.2827089300583704,6064,COPERNICUS/S2_SR_HARMONIZED
2024-07-01,tarija_valle_central,0.24120872129233575,6064,COPERNICUS/S2_SR_HARMONIZED
2024-08-01,tarija_valle_central,0.21742235085672412,6064,COPERNICUS/S2_SR_HARMONIZED
2024-09-01,tarija_valle_central,0.2164681684643496,6064,COPERNICUS/S2_SR_HARMONIZED
2024-10-01,tarija_valle_central,0.29144451269837557,6064,COPERNICUS/S2_SR_HARMONIZED
2024-11-01,tarija_valle_central,0.4013049949440155,6064,COPERNICUS/S2_SR_HARMONIZED
2024-12-01,tarija_valle_central,0.4512831719791058,6064,COPERNICUS/S2_SR_HARMONIZED
2025-01-01,tarija_valle_central,0.4857095670200189,5621,COPERNICUS/S2_SR_HARMONIZED
2025-02-01,tarija_valle_central,0.5508087663846128,6064,COPERNICUS/S2_SR_HARMONIZED
2025-03-01,tarija_valle_central,0.5734245279718749,6051,COPERNICUS/S2_SR_HARMONIZED
2025-04-01,tarija_valle_central,0.5120734128122757,5654,COPERNICUS/S2_SR_HARMONIZED
2025-05-01,tarija_valle_central,0.3939047043963172,6064,COPERNICUS/S2_SR_HARMONIZED
2025-06-01,tarija_valle_central,0.26724058012637764,6064,COPERNICUS/S2_SR_HARMONIZED
2025-07-01,tarija_valle_central,0.2539375252529384,6064,COPERNICUS/S2_SR_HARMONIZED
2025-08-01,tarija_valle_central,0.23077591969261974,6064,COPERNICUS/S2_SR_HARMONIZED
2025-09-01,tarija_valle_central,0.21358178464795624,6064,COPERNICUS/S2_SR_HARMONIZED
2025-10-01,tarija_valle_central,0.29285810579083704,6064,COPERNICUS/S2_SR_HARMONIZED
2025-11-01,tarija_valle_central,0.38646464030609623,6064,COPERNICUS/S2_SR_HARMONIZED
2025-12-01,tarija_valle_central,0.43270732531396217,5970,COPERNICUS/S2_SR_HARMONIZED
2026-01-01,tarija_valle_central,0.5198432541219192,5633,COPERNICUS/S2_SR_HARMONIZED
2026-02-01,tarija_valle_central,0.5822445066634421,6064,COPERNICUS/S2_SR_HARMONIZED
2013-01-01,chaco_periphery,,0,missing
2013-02-01,chaco_periphery,,0,missing
2013-03-01,chaco_periphery,0.617505447981093,687,LANDSAT/LC08/C02/T1_L2
2013-04-01,chaco_periphery,0.47800121878914226,4754,LANDSAT/LC08/C02/T1_L2
2013-05-01,chaco_periphery,0.42511386544363444,4433,LANDSAT/LC08/C02/T1_L2
2013-06-01,chaco_periphery,0.3616047046098432,2325,LANDSAT/LC08/C02/T1_L2
2013-07-01,chaco_periphery,0.3536399190545195,4747,LANDSAT/LC08/C02/T1_L2
2013-08-01,chaco_periphery,0.30197052249501105,4755,LANDSAT/LC08/C02/T1_L2
2013-09-01,chaco_periphery,0.33564424721454833,862,LANDSAT/LC08/C02/T1_L2
2013-10-01,chaco_periphery,0.4517296696769508,2137,LANDSAT/LC08/C02/T1_L2
2013-11-01,chaco_periphery,0.5111448590914298,4744,LANDSAT/LC08/C02/T1_L2
2013-12-01,chaco_periphery,0.5696030231952041,4763,LANDSAT/LC08/C02/T1_L2
2014-01-01,chaco_periphery,0.5949031463662123,1529,LANDSAT/LC08/C02/T1_L2
2014-02-01,chaco_periphery,0.6186150403459371,2554,LANDSAT/LC08/C02/T1_L2
2014-03-01,chaco_periphery,0.5946960380553498,2330,LANDSAT/LC08/C02/T1_L2
2014-04-01,chaco_periphery,0.6739529407769611,1668,LANDSAT/LC08/C02/T1_L2
2014-05-01,chaco_periphery,0.6708907353164186,3871,LANDSAT/LC08/C02/T1_L2
2014-06-01,chaco_periphery,0.6726943852433375,4668,LANDSAT/LC08/C02/T1_L2
2014-07-01,chaco_periphery,0.5440987286601445,4741,LANDSAT/LC08/C02/T1_L2
2014-08-01,chaco_periphery,0.42331502950580024,843,LANDSAT/LC08/C02/T1_L2
2014-09-01,chaco_periphery,0.36199970449500607,4701,LANDSAT/LC08/C02/T1_L2
2014-10-01,chaco_periphery,0.36937329885275055,4578,LANDSAT/LC08/C02/T1_L2
2014-11-01,chaco_periphery,0.3877311905055399,4511,LANDSAT/LC08/C02/T1_L2
2014-12-01,chaco_periphery,0.3827703297127775,4466,LANDSAT/LC08/C02/T1_L2
2015-01-01,chaco_periphery,0.4892308842876746,4406,LANDSAT/LC08/C02/T1_L2
2015-02-01,chaco_periphery,0.5794392548504474,4493,LANDSAT/LC08/C02/T1_L2
2015-03-01,chaco_periphery,0.5921740757885858,4123,LANDSAT/LC08/C02/T1_L2
2015-04-01,chaco_periphery,0.6308296025515351,2081,LANDSAT/LC08/C02/T1_L2
2015-05-01,chaco_periphery,0.6857269325680693,346,LANDSAT/LC08/C02/T1_L2
2015-06-01,chaco_periphery,0.705228961259152,3838,LANDSAT/LC08/C02/T1_L2
2015-07-01,chaco_periphery,0.5971368304172542,1305,LANDSAT/LC08/C02/T1_L2
2015-08-01,chaco_periphery,0.6075970366451615,4737,LANDSAT/LC08/C02/T1_L2
2015-09-01,chaco_periphery,0.4384283616510816,4457,LANDSAT/LC08/C02/T1_L2
2015-10-01,chaco_periphery,0.44450737427772513,4664,LANDSAT/LC08/C02/T1_L2
2015-11-01,chaco_periphery,0.42638369208759125,3809,LANDSAT/LC08/C02/T1_L2
2015-12-01,chaco_periphery,0.44257511086802964,4579,LANDSAT/LC08/C02/T1_L2
2016-01-01,chaco_periphery,0.48493727564733624,2476,LANDSAT/LC08/C02/T1_L2
2016-02-01,chaco_periphery,0.5866508817363445,3041,LANDSAT/LC08/C02/T1_L2
2016-03-01,chaco_periphery,0.7013465234202845,4203,LANDSAT/LC08/C02/T1_L2
2016-04-01,chaco_periphery,0.6731857878755025,1857,LANDSAT/LC08/C02/T1_L2
2016-05-01,chaco_periphery,0.5745652794063995,962,LANDSAT/LC08/C02/T1_L2
2016-06-01,chaco_periphery,0.4023157957366548,2638,LANDSAT/LC08/C02/T1_L2
2016-07-01,chaco_periphery,0.4833431416131458,1190,LANDSAT/LC08/C02/T1_L2
2016-08-01,chaco_periphery,0.3475588589147525,4767,LANDSAT/LC08/C02/T1_L2
2016-09-01,chaco_periphery,0.30469308001849144,4663,LANDSAT/LC08/C02/T1_L2
2016-10-01,chaco_periphery,0.3164773062196923,4740,LANDSAT/LC08/C02/T1_L2
2016-11-01,chaco_periphery,0.3527994574640704,4761,LANDSAT/LC08/C02/T1_L2
2016-12-01,chaco_periphery,0.6491348402447598,1368,LANDSAT/LC08/C02/T1_L2
2017-01-01,chaco_periphery,0.4898914773297994,4767,LANDSAT/LC08/C02/T1_L2
2017-02-01,chaco_periphery,0.5512585865731163,4417,LANDSAT/LC08/C02/T1_L2
2017-03-01,chaco_periphery,,0,missing
2017-04-01,chaco_periphery,,0,missing
2017-05-01,chaco_periphery,,0,missing
2017-06-01,chaco_periphery,0.6954309080667442,3013,COPERNICUS/S2_SR_HARMONIZED
2017-07-01,chaco_periphery,0.528520531544085,4751,COPERNICUS/S2_SR_HARMONIZED
2017-08-01,chaco_periphery,0.3337145922377379,9472,COPERNICUS/S2_SR_HARMONIZED
2017-09-01,chaco_periphery,0.3178921815649215,19415,COPERNICUS/S2_SR_HARMONIZED
2017-10-01,chaco_periphery,0.3700950677652174,643,COPERNICUS/S2_SR_HARMONIZED
2017-11-01,chaco_periphery,0.48947249230932893,967,COPERNICUS/S2_SR_HARMONIZED
2017-12-01,chaco_periphery,0.5305113708257264,530,COPERNICUS/S2_SR_HARMONIZED
2018-01-01,chaco_periphery,0.7985359240171769,36,COPERNICUS/S2_SR_HARMONIZED
2018-02-01,chaco_periphery,0.7524012752966174,21,COPERNICUS/S2_SR_HARMONIZED
2018-03-01,chaco_periphery,,0,missing
2018-04-01,chaco_periphery,0.7160029411315918,3,COPERNICUS/S2_SR_HARMONIZED
2018-05-01,chaco_periphery,,0,missing
2018-06-01,chaco_periphery,0.41820599896035254,9876,COPERNICUS/S2_SR_HARMONIZED
2018-07-01,chaco_periphery,0.4359818968002256,976,COPERNICUS/S2_SR_HARMONIZED
2018-08-01,chaco_periphery,0.37043552341266855,2636,COPERNICUS/S2_SR_HARMONIZED
2018-09-01,chaco_periphery,0.281200178670427,19417,COPERNICUS/S2_SR_HARMONIZED
2018-10-01,chaco_periphery,0.3685313694352875,998,COPERNICUS/S2_SR_HARMONIZED
2018-11-01,chaco_periphery,0.5671002311365945,14,COPERNICUS/S2_SR_HARMONIZED
2018-12-01,chaco_periphery,0.3921212898564593,15278,COPERNICUS/S2_SR_HARMONIZED
2019-01-01,chaco_periphery,0.41837564425406243,19417,COPERNICUS/S2_SR_HARMONIZED
2019-02-01,chaco_periphery,0.5247339278792834,19411,COPERNICUS/S2_SR_HARMONIZED
2019-03-01,chaco_periphery,0.527428310203563,18819,COPERNICUS/S2_SR_HARMONIZED
2019-04-01,chaco_periphery,0.7037611409294131,19417,COPERNICUS/S2_SR_HARMONIZED
2019-05-01,chaco_periphery,0.6318360974925294,16201,COPERNICUS/S2_SR_HARMONIZED
2019-06-01,chaco_periphery,0.6240446626185989,19417,COPERNICUS/S2_SR_HARMONIZED
2019-07-01,chaco_periphery,0.5732636886758615,19417,COPERNICUS/S2_SR_HARMONIZED
2019-08-01,chaco_periphery,0.4834561835938367,19417,COPERNICUS/S2_SR_HARMONIZED
2019-09-01,chaco_periphery,0.3327637120782588,19417,COPERNICUS/S2_SR_HARMONIZED
2019-10-01,chaco_periphery,0.3309667320170852,19417,COPERNICUS/S2_SR_HARMONIZED
2019-11-01,chaco_periphery,0.3783259249230065,19417,COPERNICUS/S2_SR_HARMONIZED
2019-12-01,chaco_periphery,0.5112255382641525,19417,COPERNICUS/S2_SR_HARMONIZED
2020-01-01,chaco_periphery,0.4764794893647653,18733,COPERNICUS/S2_SR_HARMONIZED
2020-02-01,chaco_periphery,0.4985303685638328,19416,COPERNICUS/S2_SR_HARMONIZED
2020-03-01,chaco_periphery,0.5282100056840237,19417,COPERNICUS/S2_SR_HARMONIZED
2020-04-01,chaco_periphery,0.4742387110213116,19417,COPERNICUS/S2_SR_HARMONIZED
2020-05-01,chaco_periphery,0.37728976952902943,19417,COPERNICUS/S2_SR_HARMONIZED
2020-06-01,chaco_periphery,0.2870501506350777,19315,COPERNICUS/S2_SR_HARMONIZED
2020-07-01,chaco_periphery,0.26485383855565486,19417,COPERNICUS/S2_SR_HARMONIZED
2020-08-01,chaco_periphery,0.223973934936794,19417,COPERNICUS/S2_SR_HARMONIZED
2020-09-01,chaco_periphery,0.20178785259284793,19417,COPERNICUS/S2_SR_HARMONIZED
2020-10-01,chaco_periphery,0.19018428750932515,19417,COPERNICUS/S2_SR_HARMONIZED
2020-11-01,chaco_periphery,0.23174053900356162,19417,COPERNICUS/S2_SR_HARMONIZED
2020-12-01,chaco_periphery,0.29896335134573054,19417,COPERNICUS/S2_SR_HARMONIZED
2021-01-01,chaco_periphery,0.3903676652612882,19254,COPERNICUS/S2_SR_HARMONIZED
2021-02-01,chaco_periphery,0.5733833369794032,18976,COPERNICUS/S2_SR_HARMONIZED
2021-03-01,chaco_periphery,0.5812657986700599,19287,COPERNICUS/S2_SR_HARMONIZED
2021-04-01,chaco_periphery,0.595036339831283,19411,COPERNICUS/S2_SR_HARMONIZED
2021-05-01,chaco_periphery,0.5380498743683098,17427,COPERNICUS/S2_SR_HARMONIZED
2021-06-01,chaco_periphery,0.46717068250665655,14814,COPERNICUS/S2_SR_HARMONIZED
2021-07-01,chaco_periphery,0.2809368084275831,19417,COPERNICUS/S2_SR_HARMONIZED
2021-08-01,chaco_periphery,0.23076221213251183,19417,COPERNICUS/S2_SR_HARMONIZED
2021-09-01,chaco_periphery,0.21982769268797078,19417,COPERNICUS/S2_SR_HARMONIZED
2021-10-01,chaco_periphery,0.2116593108577098,19417,COPERNICUS/S2_SR_HARMONIZED
2021-11-01,chaco_periphery,0.2436659187071449,18882,COPERNICUS/S2_SR_HARMONIZED
2021-12-01,chaco_periphery,0.4754853914445231,18266,COPERNICUS/S2_SR_HARMONIZED
2022-01-01,chaco_periphery,0.40905085088020665,19417,COPERNICUS/S2_SR_HARMONIZED
2022-02-01,chaco_periphery,0.39877805676940303,19405,COPERNICUS/S2_SR_HARMONIZED
2022-03-01,chaco_periphery,0.4212064975214503,19417,COPERNICUS/S2_SR_HARMONIZED
2022-04-01,chaco_periphery,0.36187850665780114,19417,COPERNICUS/S2_SR_HARMONIZED
2022-05-01,chaco_periphery,0.334102206043954,19253,COPERNICUS/S2_SR_HARMONIZED
2022-06-01,chaco_periphery,0.27985966601659645,19417,COPERNICUS/S2_SR_HARMONIZED
2022-07-01,chaco_periphery,0.21644349789343134,19417,COPERNICUS/S2_SR_HARMONIZED
2022-08-01,chaco_periphery,0.21085450449098242,19417,COPERNICUS/S2_SR_HARMONIZED
2022-09-01,chaco_periphery,0.17793459794714753,19312,COPERNICUS/S2_SR_HARMONIZED
2022-10-01,chaco_periphery,0.2122173285481828,19417,COPERNICUS/S2_SR_HARMONIZED
2022-11-01,chaco_periphery,0.2552575970698697,19417,COPERNICUS/S2_SR_HARMONIZED
2022-12-01,chaco_periphery,0.352438477926089,19417,COPERNICUS/S2_SR_HARMONIZED
2023-01-01,chaco_periphery,0.32414254691794436,19413,COPERNICUS/S2_SR_HARMONIZED
2023-02-01,chaco_periphery,0.4323988606264333,19417,COPERNICUS/S2_SR_HARMONIZED
2023-03-01,chaco_periphery,0.5335926824757302,19353,COPERNICUS/S2_SR_HARMONIZED
2023-04-01,chaco_periphery,0.6294515661950773,19346,COPERNICUS/S2_SR_HARMONIZED
2023-05-01,chaco_periphery,0.4057444520807248,9966,COPERNICUS/S2_SR_HARMONIZED
2023-06-01,chaco_periphery,0.47688709381294364,19416,COPERNICUS/S2_SR_HARMONIZED
2023-07-01,chaco_periphery,0.3475686596035476,19417,COPERNICUS/S2_SR_HARMONIZED
2023-08-01,chaco_periphery,0.2861026738356362,19417,COPERNICUS/S2_SR_HARMONIZED
2023-09-01,chaco_periphery,0.23564207280154748,19417,COPERNICUS/S2_SR_HARMONIZED
2023-10-01,chaco_periphery,0.20226909054202888,19415,COPERNICUS/S2_SR_HARMONIZED
2023-11-01,chaco_periphery,0.25010887527214026,19413,COPERNICUS/S2_SR_HARMONIZED
2023-12-01,chaco_periphery,0.27503796743519743,19417,COPERNICUS/S2_SR_HARMONIZED
2024-01-01,chaco_periphery,0.3672885697209916,19417,COPERNICUS/S2_SR_HARMONIZED
2024-02-01,chaco_periphery,0.4390945757350673,19183,COPERNICUS/S2_SR_HARMONIZED
2024-03-01,chaco_periphery,0.5276056155677548,19417,COPERNICUS/S2_SR_HARMONIZED
2024-04-01,chaco_periphery,0.5485768074527733,19415,COPERNICUS/S2_SR_HARMONIZED
2024-05-01,chaco_periphery,0.558157665976951,19417,COPERNICUS/S2_SR_HARMONIZED
2024-06-01,chaco_periphery,0.4457867336243065,19417,COPERNICUS/S2_SR_HARMONIZED
2024-07-01,chaco_periphery,0.33149242382762917,19417,COPERNICUS/S2_SR_HARMONIZED
2024-08-01,chaco_periphery,0.2550517747926629,19417,COPERNICUS/S2_SR_HARMONIZED
2024-09-01,chaco_periphery,0.2202470249392166,19417,COPERNICUS/S2_SR_HARMONIZED
2024-10-01,chaco_periphery,0.20876637029146047,19417,COPERNICUS/S2_SR_HARMONIZED
2024-11-01,chaco_periphery,0.26421737738434503,19413,COPERNICUS/S2_SR_HARMONIZED
2024-12-01,chaco_periphery,0.3632865056293256,19416,COPERNICUS/S2_SR_HARMONIZED
2025-01-01,chaco_periphery,0.5145898363171864,19417,COPERNICUS/S2_SR_HARMONIZED
2025-02-01,chaco_periphery,0.5663806880141022,19417,COPERNICUS/S2_SR_HARMONIZED
2025-03-01,chaco_periphery,0.6133865451508062,17134,COPERNICUS/S2_SR_HARMONIZED
2025-04-01,chaco_periphery,0.5983757894723709,1651,COPERNICUS/S2_SR_HARMONIZED
2025-05-01,chaco_periphery,0.6701638793916391,19409,COPERNICUS/S2_SR_HARMONIZED
2025-06-01,chaco_periphery,0.6345433377615014,15254,COPERNICUS/S2_SR_HARMONIZED
2025-07-01,chaco_periphery,0.5819954241100418,19417,COPERNICUS/S2_SR_HARMONIZED
2025-08-01,chaco_periphery,0.5177907034777837,19417,COPERNICUS/S2_SR_HARMONIZED
2025-09-01,chaco_periphery,0.37273090974320094,19417,COPERNICUS/S2_SR_HARMONIZED
2025-10-01,chaco_periphery,0.38615128826150397,19417,COPERNICUS/S2_SR_HARMONIZED
2025-11-01,chaco_periphery,0.46620979179732946,19398,COPERNICUS/S2_SR_HARMONIZED
2025-12-01,chaco_periphery,0.49153645940374957,19094,COPERNICUS/S2_SR_HARMONIZED
2026-01-01,chaco_periphery,0.5208164138964054,19417,COPERNICUS/S2_SR_HARMONIZED
2026-02-01,chaco_periphery,0.49024906746543295,19417,COPERNICUS/S2_SR_HARMONIZED
2013-01-01,altiplano_tubers_quinoa,,0,missing
2013-02-01,altiplano_tubers_quinoa,,0,missing
2013-03-01,altiplano_tubers_quinoa,0.2377338910361561,83,LANDSAT/LC08/C02/T1_L2
2013-04-01,altiplano_tubers_quinoa,0.27618811030607415,2837,LANDSAT/LC08/C02/T1_L2
2013-05-01,altiplano_tubers_quinoa,0.22729615994109445,2835,LANDSAT/LC08/C02/T1_L2
2013-06-01,altiplano_tubers_quinoa,0.2280340035937783,2786,LANDSAT/LC08/C02/T1_L2
2013-07-01,altiplano_tubers_quinoa,0.18912232788964828,2837,LANDSAT/LC08/C02/T1_L2
2013-08-01,altiplano_tubers_quinoa,0.17930913211911645,2834,LANDSAT/LC08/C02/T1_L2
2013-09-01,altiplano_tubers_quinoa,0.17915353869081693,2834,LANDSAT/LC08/C02/T1_L2
2013-10-01,altiplano_tubers_quinoa,0.17206041833886868,1301,LANDSAT/LC08/C02/T1_L2
2013-11-01,altiplano_tubers_quinoa,0.21040322448899246,2836,LANDSAT/LC08/C02/T1_L2
2013-12-01,altiplano_tubers_quinoa,0.29666615672578267,1538,LANDSAT/LC08/C02/T1_L2
2014-01-01,altiplano_tubers_quinoa,0.3274530855002241,2044,LANDSAT/LC08/C02/T1_L2
2014-02-01,altiplano_tubers_quinoa,0.32784917358307836,676,LANDSAT/LC08/C02/T1_L2
2014-03-01,altiplano_tubers_quinoa,0.3136272625410619,2831,LANDSAT/LC08/C02/T1_L2
2014-04-01,altiplano_tubers_quinoa,0.25356850412978144,2556,LANDSAT/LC08/C02/T1_L2
2014-05-01,altiplano_tubers_quinoa,0.21619328135811347,2829,LANDSAT/LC08/C02/T1_L2
2014-06-01,altiplano_tubers_quinoa,0.19559551463769648,2835,LANDSAT/LC08/C02/T1_L2
2014-07-01,altiplano_tubers_quinoa,0.18035004947804598,2832,LANDSAT/LC08/C02/T1_L2
2014-08-01,altiplano_tubers_quinoa,0.17879607196805694,2837,LANDSAT/LC08/C02/T1_L2
2014-09-01,altiplano_tubers_quinoa,0.18587970703413598,2786,LANDSAT/LC08/C02/T1_L2
2014-10-01,altiplano_tubers_quinoa,0.20780556619100468,2837,LANDSAT/LC08/C02/T1_L2
2014-11-01,altiplano_tubers_quinoa,0.2008988903506785,2690,LANDSAT/LC08/C02/T1_L2
2014-12-01,altiplano_tubers_quinoa,0.22251285668138365,2516,LANDSAT/LC08/C02/T1_L2
2015-01-01,altiplano_tubers_quinoa,0.2708817601449819,2033,LANDSAT/LC08/C02/T1_L2
2015-02-01,altiplano_tubers_quinoa,0.30461748985585624,1741,LANDSAT/LC08/C02/T1_L2
2015-03-01,altiplano_tubers_quinoa,0.31268036606957916,2330,LANDSAT/LC08/C02/T1_L2
2015-04-01,altiplano_tubers_quinoa,0.3077618296050981,2247,LANDSAT/LC08/C02/T1_L2
2015-05-01,altiplano_tubers_quinoa,0.25251262352767806,2837,LANDSAT/LC08/C02/T1_L2
2015-06-01,altiplano_tubers_quinoa,0.2054506227397025,2833,LANDSAT/LC08/C02/T1_L2
2015-07-01,altiplano_tubers_quinoa,0.18696593450494853,2837,LANDSAT/LC08/C02/T1_L2
2015-08-01,altiplano_tubers_quinoa,0.17610772582839512,2836,LANDSAT/LC08/C02/T1_L2
2015-09-01,altiplano_tubers_quinoa,0.17506413183464872,2837,LANDSAT/LC08/C02/T1_L2
2015-10-01,altiplano_tubers_quinoa,0.19459415597452137,2837,LANDSAT/LC08/C02/T1_L2
2015-11-01,altiplano_tubers_quinoa,0.20732843177170793,2817,LANDSAT/LC08/C02/T1_L2
2015-12-01,altiplano_tubers_quinoa,0.20579604774696145,2836,LANDSAT/LC08/C02/T1_L2
2016-01-01,altiplano_tubers_quinoa,0.23327284979317808,2837,LANDSAT/LC08/C02/T1_L2
2016-02-01,altiplano_tubers_quinoa,0.2945637591492387,2016,LANDSAT/LC08/C02/T1_L2
2016-03-01,altiplano_tubers_quinoa,0.2858647468934057,2837,LANDSAT/LC08/C02/T1_L2
2016-04-01,altiplano_tubers_quinoa,0.2590182512235195,2828,LANDSAT/LC08/C02/T1_L2
2016-05-01,altiplano_tubers_quinoa,0.20845499401550907,2828,LANDSAT/LC08/C02/T1_L2
2016-06-01,altiplano_tubers_quinoa,0.182192994489427,2819,LANDSAT/LC08/C02/T1_L2
2016-07-01,altiplano_tubers_quinoa,0.17929756392497417,2837,LANDSAT/LC08/C02/T1_L2
2016-08-01,altiplano_tubers_quinoa,0.1640143236563958,2829,LANDSAT/LC08/C02/T1_L2
2016-09-01,altiplano_tubers_quinoa,0.1628249255325006,2837,LANDSAT/LC08/C02/T1_L2
2016-10-01,altiplano_tubers_quinoa,0.1806306870780529,2837,LANDSAT/LC08/C02/T1_L2
2016-11-01,altiplano_tubers_quinoa,0.17666458434762086,2837,LANDSAT/LC08/C02/T1_L2
2016-12-01,altiplano_tubers_quinoa,0.18887795693629997,2830,LANDSAT/LC08/C02/T1_L2
2017-01-01,altiplano_tubers_quinoa,0.22019865490448184,2347,LANDSAT/LC08/C02/T1_L2
2017-02-01,altiplano_tubers_quinoa,0.24758587519660574,2610,LANDSAT/LC08/C02/T1_L2
2017-03-01,altiplano_tubers_quinoa,,0,missing
2017-04-01,altiplano_tubers_quinoa,,0,missing
2017-05-01,altiplano_tubers_quinoa,0.21826663081314862,7671,COPERNICUS/S2_SR_HARMONIZED
2017-06-01,altiplano_tubers_quinoa,0.14602378870584398,11190,COPERNICUS/S2_SR_HARMONIZED
2017-07-01,altiplano_tubers_quinoa,0.1530986141222274,11190,COPERNICUS/S2_SR_HARMONIZED
2017-08-01,altiplano_tubers_quinoa,0.1367582849090146,11190,COPERNICUS/S2_SR_HARMONIZED
2017-09-01,altiplano_tubers_quinoa,0.13199342139182188,1023,COPERNICUS/S2_SR_HARMONIZED
2017-10-01,altiplano_tubers_quinoa,0.15827073823116,6635,COPERNICUS/S2_SR_HARMONIZED
2017-11-01,altiplano_tubers_quinoa,0.14704869276242832,7166,COPERNICUS/S2_SR_HARMONIZED
2017-12-01,altiplano_tubers_quinoa,0.18265701689127806,1012,COPERNICUS/S2_SR_HARMONIZED
2018-01-01,altiplano_tubers_quinoa,,0,missing
2018-02-01,altiplano_tubers_quinoa,0.330189692241126,10383,COPERNICUS/S2_SR_HARMONIZED
2018-03-01,altiplano_tubers_quinoa,0.4521559047320618,45,COPERNICUS/S2_SR_HARMONIZED
2018-04-01,altiplano_tubers_quinoa,0.25829610815618315,6193,COPERNICUS/S2_SR_HARMONIZED
2018-05-01,altiplano_tubers_quinoa,0.21010853023218692,11190,COPERNICUS/S2_SR_HARMONIZED
2018-06-01,altiplano_tubers_quinoa,0.1551409578357127,1985,COPERNICUS/S2_SR_HARMONIZED
2018-07-01,altiplano_tubers_quinoa,0.1580607691633439,1474,COPERNICUS/S2_SR_HARMONIZED
2018-08-01,altiplano_tubers_quinoa,,0,missing
2018-09-01,altiplano_tubers_quinoa,0.1419843824143923,11190,COPERNICUS/S2_SR_HARMONIZED
2018-10-01,altiplano_tubers_quinoa,0.14701134688055215,1115,COPERNICUS/S2_SR_HARMONIZED
2018-11-01,altiplano_tubers_quinoa,0.1571935634650259,53,COPERNICUS/S2_SR_HARMONIZED
2018-12-01,altiplano_tubers_quinoa,0.18168234090634808,12317,COPERNICUS/S2_SR_HARMONIZED
2019-01-01,altiplano_tubers_quinoa,0.24794543328096932,12317,COPERNICUS/S2_SR_HARMONIZED
2019-02-01,altiplano_tubers_quinoa,0.3351983445469547,12336,COPERNICUS/S2_SR_HARMONIZED
2019-03-01,altiplano_tubers_quinoa,0.3087803827979788,12327,COPERNICUS/S2_SR_HARMONIZED
2019-04-01,altiplano_tubers_quinoa,0.26678920504018827,12340,COPERNICUS/S2_SR_HARMONIZED
2019-05-01,altiplano_tubers_quinoa,0.20853328755346398,12340,COPERNICUS/S2_SR_HARMONIZED
2019-06-01,altiplano_tubers_quinoa,0.1742817113559079,12340,COPERNICUS/S2_SR_HARMONIZED
2019-07-01,altiplano_tubers_quinoa,0.15219335928342004,12340,COPERNICUS/S2_SR_HARMONIZED
2019-08-01,altiplano_tubers_quinoa,0.1377781532314182,12340,COPERNICUS/S2_SR_HARMONIZED
2019-09-01,altiplano_tubers_quinoa,0.1422470210246552,12340,COPERNICUS/S2_SR_HARMONIZED
2019-10-01,altiplano_tubers_quinoa,0.1549078636602628,12340,COPERNICUS/S2_SR_HARMONIZED
2019-11-01,altiplano_tubers_quinoa,0.1731293540818289,12340,COPERNICUS/S2_SR_HARMONIZED
2019-12-01,altiplano_tubers_quinoa,0.1971940344758046,12340,COPERNICUS/S2_SR_HARMONIZED
2020-01-01,altiplano_tubers_quinoa,0.24639731596061748,12338,COPERNICUS/S2_SR_HARMONIZED
2020-02-01,altiplano_tubers_quinoa,0.27290359511633505,12254,COPERNICUS/S2_SR_HARMONIZED
2020-03-01,altiplano_tubers_quinoa,0.28903504728038676,12337,COPERNICUS/S2_SR_HARMONIZED
2020-04-01,altiplano_tubers_quinoa,0.26212201762536874,12340,COPERNICUS/S2_SR_HARMONIZED
2020-05-01,altiplano_tubers_quinoa,0.20696199772703275,12335,COPERNICUS/S2_SR_HARMONIZED
2020-06-01,altiplano_tubers_quinoa,0.17083276199507474,12336,COPERNICUS/S2_SR_HARMONIZED
2020-07-01,altiplano_tubers_quinoa,0.1485435351208957,12329,COPERNICUS/S2_SR_HARMONIZED
2020-08-01,altiplano_tubers_quinoa,0.13874587010701894,12338,COPERNICUS/S2_SR_HARMONIZED
2020-09-01,altiplano_tubers_quinoa,0.14238204070729515,12340,COPERNICUS/S2_SR_HARMONIZED
2020-10-01,altiplano_tubers_quinoa,0.1566330750235891,12340,COPERNICUS/S2_SR_HARMONIZED
2020-11-01,altiplano_tubers_quinoa,0.15504089577032243,12340,COPERNICUS/S2_SR_HARMONIZED
2020-12-01,altiplano_tubers_quinoa,0.15834433246740062,12326,COPERNICUS/S2_SR_HARMONIZED
2021-01-01,altiplano_tubers_quinoa,0.21273092587433562,12331,COPERNICUS/S2_SR_HARMONIZED
2021-02-01,altiplano_tubers_quinoa,0.2537711069674375,12340,COPERNICUS/S2_SR_HARMONIZED
2021-03-01,altiplano_tubers_quinoa,0.2721685564051506,12340,COPERNICUS/S2_SR_HARMONIZED
2021-04-01,altiplano_tubers_quinoa,0.2286855301305321,12340,COPERNICUS/S2_SR_HARMONIZED
2021-05-01,altiplano_tubers_quinoa,0.17163385877968362,12340,COPERNICUS/S2_SR_HARMONIZED
2021-06-01,altiplano_tubers_quinoa,0.14611176256745914,12337,COPERNICUS/S2_SR_HARMONIZED
2021-07-01,altiplano_tubers_quinoa,0.13542831960986407,12340,COPERNICUS/S2_SR_HARMONIZED
2021-08-01,altiplano_tubers_quinoa,0.13192553382903283,12340,COPERNICUS/S2_SR_HARMONIZED
2021-09-01,altiplano_tubers_quinoa,0.12920761653110135,12340,COPERNICUS/S2_SR_HARMONIZED
2021-10-01,altiplano_tubers_quinoa,0.139229802660685,12340,COPERNICUS/S2_SR_HARMONIZED
2021-11-01,altiplano_tubers_quinoa,0.13386516750253066,12340,COPERNICUS/S2_SR_HARMONIZED
2021-12-01,altiplano_tubers_quinoa,0.15946348912714486,11755,COPERNICUS/S2_SR_HARMONIZED
2022-01-01,altiplano_tubers_quinoa,0.24861744344182343,12326,COPERNICUS/S2_SR_HARMONIZED
2022-02-01,altiplano_tubers_quinoa,0.296127470380082,12183,COPERNICUS/S2_SR_HARMONIZED
2022-03-01,altiplano_tubers_quinoa,0.3471079596458144,12340,COPERNICUS/S2_SR_HARMONIZED
2022-04-01,altiplano_tubers_quinoa,0.26872039696071537,12340,COPERNICUS/S2_SR_HARMONIZED
2022-05-01,altiplano_tubers_quinoa,0.20093657761309294,12340,COPERNICUS/S2_SR_HARMONIZED
2022-06-01,altiplano_tubers_quinoa,0.17217529852411775,12340,COPERNICUS/S2_SR_HARMONIZED
2022-07-01,altiplano_tubers_quinoa,0.15172829077032635,12340,COPERNICUS/S2_SR_HARMONIZED
2022-08-01,altiplano_tubers_quinoa,0.14677511210885427,12340,COPERNICUS/S2_SR_HARMONIZED
2022-09-01,altiplano_tubers_quinoa,0.14608272570987485,12340,COPERNICUS/S2_SR_HARMONIZED
2022-10-01,altiplano_tubers_quinoa,0.14480195431965678,12340,COPERNICUS/S2_SR_HARMONIZED
2022-11-01,altiplano_tubers_quinoa,0.14875324749801264,12340,COPERNICUS/S2_SR_HARMONIZED
2022-12-01,altiplano_tubers_quinoa,0.1680606770521244,12340,COPERNICUS/S2_SR_HARMONIZED
2023-01-01,altiplano_tubers_quinoa,0.19432074908622304,12340,COPERNICUS/S2_SR_HARMONIZED
2023-02-01,altiplano_tubers_quinoa,0.24118449409814496,12340,COPERNICUS/S2_SR_HARMONIZED
2023-03-01,altiplano_tubers_quinoa,0.2692851273787594,12334,COPERNICUS/S2_SR_HARMONIZED
2023-04-01,altiplano_tubers_quinoa,0.24088409164975486,12340,COPERNICUS/S2_SR_HARMONIZED
2023-05-01,altiplano_tubers_quinoa,0.18601384373169208,12340,COPERNICUS/S2_SR_HARMONIZED
2023-06-01,altiplano_tubers_quinoa,0.15932937794951593,12340,COPERNICUS/S2_SR_HARMONIZED
2023-07-01,altiplano_tubers_quinoa,0.14083100895006845,12340,COPERNICUS/S2_SR_HARMONIZED
2023-08-01,altiplano_tubers_quinoa,0.13651482945440618,12340,COPERNICUS/S2_SR_HARMONIZED
2023-09-01,altiplano_tubers_quinoa,0.12516519676854831,12340,COPERNICUS/S2_SR_HARMONIZED
2023-10-01,altiplano_tubers_quinoa,0.13429756989985261,12340,COPERNICUS/S2_SR_HARMONIZED
2023-11-01,altiplano_tubers_quinoa,0.14953587939920215,12340,COPERNICUS/S2_SR_HARMONIZED
2023-12-01,altiplano_tubers_quinoa,0.16721182485822816,12327,COPERNICUS/S2_SR_HARMONIZED
2024-01-01,altiplano_tubers_quinoa,0.1965932208812127,12340,COPERNICUS/S2_SR_HARMONIZED
2024-02-01,altiplano_tubers_quinoa,0.2628698952222162,12151,COPERNICUS/S2_SR_HARMONIZED
2024-03-01,altiplano_tubers_quinoa,0.2905996392655115,12340,COPERNICUS/S2_SR_HARMONIZED
2024-04-01,altiplano_tubers_quinoa,0.2560700484575935,12340,COPERNICUS/S2_SR_HARMONIZED
2024-05-01,altiplano_tubers_quinoa,0.2137310998789289,12340,COPERNICUS/S2_SR_HARMONIZED
2024-06-01,altiplano_tubers_quinoa,0.17097737707889338,12340,COPERNICUS/S2_SR_HARMONIZED
2024-07-01,altiplano_tubers_quinoa,0.1503100482426889,12340,COPERNICUS/S2_SR_HARMONIZED
2024-08-01,altiplano_tubers_quinoa,0.1370185642662377,12340,COPERNICUS/S2_SR_HARMONIZED
2024-09-01,altiplano_tubers_quinoa,0.14196668539765625,12340,COPERNICUS/S2_SR_HARMONIZED
2024-10-01,altiplano_tubers_quinoa,0.15436127057296925,12340,COPERNICUS/S2_SR_HARMONIZED
2024-11-01,altiplano_tubers_quinoa,0.1514257647560887,12332,COPERNICUS/S2_SR_HARMONIZED
2024-12-01,altiplano_tubers_quinoa,0.19125658576389287,12339,COPERNICUS/S2_SR_HARMONIZED
2025-01-01,altiplano_tubers_quinoa,0.22888661506419258,10915,COPERNICUS/S2_SR_HARMONIZED
2025-02-01,altiplano_tubers_quinoa,0.29924086573598513,12314,COPERNICUS/S2_SR_HARMONIZED
2025-03-01,altiplano_tubers_quinoa,0.32663877324089013,12340,COPERNICUS/S2_SR_HARMONIZED
2025-04-01,altiplano_tubers_quinoa,0.3116033371549627,12340,COPERNICUS/S2_SR_HARMONIZED
2025-05-01,altiplano_tubers_quinoa,0.24885859753694256,12340,COPERNICUS/S2_SR_HARMONIZED
2025-06-01,altiplano_tubers_quinoa,0.18310336983755854,12340,COPERNICUS/S2_SR_HARMONIZED
2025-07-01,altiplano_tubers_quinoa,0.16400799330729054,12340,COPERNICUS/S2_SR_HARMONIZED
2025-08-01,altiplano_tubers_quinoa,0.14945141314857918,12340,COPERNICUS/S2_SR_HARMONIZED
2025-09-01,altiplano_tubers_quinoa,0.15151334556938686,12340,COPERNICUS/S2_SR_HARMONIZED
2025-10-01,altiplano_tubers_quinoa,0.16023571374914014,12340,COPERNICUS/S2_SR_HARMONIZED
2025-11-01,altiplano_tubers_quinoa,0.16396416658769286,12340,COPERNICUS/S2_SR_HARMONIZED
2025-12-01,altiplano_tubers_quinoa,0.1809972098740847,12340,COPERNICUS/S2_SR_HARMONIZED
2026-01-01,altiplano_tubers_quinoa,0.20949376202452946,12334,COPERNICUS/S2_SR_HARMONIZED
2026-02-01,altiplano_tubers_quinoa,0.270632769329797,12336,COPERNICUS/S2_SR_HARMONIZED
